run_id,scenario,mode,seed,noise_std,risk_threshold,risk_threshold_low,cooldown_steps,reliability,delay_steps,risk_weights,risk_lookahead_steps,safe_speed_ratio,critical_sep_factor,trend_release_delta,violation_rate,collision_rate,near_miss_rate,intervention_rate,override_success_rate,mean_intervention_delay,operator_workload,mean_drift,p95_drift,mean_latency_ms,risk_mean,risk_p05,risk_p25,risk_p50,risk_p75,risk_p95,separation_risk_mean,congestion_risk_mean,speed_risk_mean,uncertainty_risk_mean,human_activation_count,cooldown_skips,suppressed_request_count,suppressed_critical_count,cooldown_release_count,critical_override_count,critical_trigger_rate,trigger_active_rate,confidence_mean,false_intervention_rate,repeated_intervention_rate,post_intervention_violation_rate,mean_drift_after_intervention,min_predicted_distance_mean
hitl_bottleneck_adaptive_hitl_noise0.1_thr0.3_low0.15_cool5_rel0.95_delay0_seed59,bottleneck,adaptive_hitl,59,0.1,0.3,0.15,5,0.95,0,"{""separation"": 0.45, ""congestion"": 0.25, ""speed"": 0.15, ""uncertainty"": 0.15}",5,0.8,1.0,0.15,0.10666666666666667,0.0,0.1,0.74,0.8558558558558559,0.0,0.74,11.746414251268035,38.536867367135386,0.5701774552774926,0.808929938552831,0.24599999999990718,0.5286259822566355,1.0,1.0,1.0,0.14933480229229365,0.07694690655969424,0.9636693569201469,0.64,111,39,39,0,106,102,0.68,1.0,0.9500000000000002,0.16216216216216217,0.9009009009009009,0.12403100775193798,14.258059560524577,3.5235769462966013
hitl_bottleneck_adaptive_hitl_noise0.1_thr0.3_low0.15_cool5_rel0.95_delay0_seed1059,bottleneck,adaptive_hitl,1059,0.1,0.3,0.15,5,0.95,0,"{""separation"": 0.45, ""congestion"": 0.25, ""speed"": 0.15, ""uncertainty"": 0.15}",5,0.8,1.0,0.15,0.05333333333333334,0.0,0.2733333333333333,0.8733333333333333,0.9389312977099237,0.0,0.8733333333333333,14.997102360586794,32.191672070733816,0.6231869477778673,0.9442706824875831,0.6132425111916686,1.0,1.0,1.0,1.0,0.17795546258426753,0.13733753285180705,0.979713640535211,0.6395059469916106,131,19,19,0,128,128,0.8533333333333334,1.0,0.9500000000000002,0.061068702290076333,0.9618320610687023,0.057971014492753624,16.186704318211714,6.41665043712685
hitl_bottleneck_adaptive_hitl_noise0.1_thr0.3_low0.15_cool5_rel0.95_delay0_seed2059,bottleneck,adaptive_hitl,2059,0.1,0.3,0.15,5,0.95,0,"{""separation"": 0.45, ""congestion"": 0.25, ""speed"": 0.15, ""uncertainty"": 0.15}",5,0.8,1.0,0.15,0.02,0.006666666666666667,0.24,0.7933333333333333,0.9747899159663865,0.0,0.7933333333333333,6.059759332804153,21.880308538209217,0.4678157887731989,0.8439804930282283,0.3180942297797696,0.5443531259852683,1.0,1.0,1.0,0.478175579342683,0.2514809634133149,0.585045977814675,0.6328107985847483,119,31,31,0,115,111,0.74,1.0,0.9500000000000002,0.1092436974789916,0.9159663865546218,0.022388059701492536,6.777518910553623,1.6358240108405906
hitl_bottleneck_adaptive_hitl_noise0.1_thr0.3_low0.15_cool5_rel0.95_delay0_seed3059,bottleneck,adaptive_hitl,3059,0.1,0.3,0.15,5,0.95,0,"{""separation"": 0.45, ""congestion"": 0.25, ""speed"": 0.15, ""uncertainty"": 0.15}",5,0.8,1.0,0.15,0.07333333333333333,0.0,0.16666666666666666,0.7933333333333333,0.907563025210084,0.0,0.7933333333333333,15.369889095922927,37.56529661063056,0.5604464452092847,0.8724942734049699,0.4538799371082967,1.0,1.0,1.0,1.0,0.2650051724279896,0.1746256880126862,0.790819865784949,0.6352058273710635,119,31,31,0,113,113,0.7533333333333333,1.0,0.9500000000000002,0.09243697478991597,0.9327731092436975,0.08396946564885496,17.433650838188033,2.5089296493762525
hitl_bottleneck_adaptive_hitl_noise0.1_thr0.3_low0.15_cool5_rel0.95_delay0_seed4059,bottleneck,adaptive_hitl,4059,0.1,0.3,0.15,5,0.95,0,"{""separation"": 0.45, ""congestion"": 0.25, ""speed"": 0.15, ""uncertainty"": 0.15}",5,0.8,1.0,0.15,0.1,0.0,0.30666666666666664,0.9133333333333333,0.8905109489051095,0.0,0.9133333333333333,10.562199637314441,29.692301064856903,0.6239660976765057,0.9631028298755524,0.6595511850589562,1.0,1.0,1.0,1.0,0.5593886593997333,0.3132237362831615,0.9647172415918068,0.6368372589625774,137,13,13,0,136,136,0.9066666666666666,1.0,0.9500000000000002,0.058394160583941604,0.9635036496350365,0.1048951048951049,10.96923126298898,1.4207267792836609
hitl_bottleneck_adaptive_hitl_noise0.1_thr0.3_low0.15_cool5_rel0.95_delay0_seed5059,bottleneck,adaptive_hitl,5059,0.1,0.3,0.15,5,0.95,0,"{""separation"": 0.45, ""congestion"": 0.25, ""speed"": 0.15, ""uncertainty"": 0.15}",5,0.8,1.0,0.15,0.06666666666666667,0.013333333333333334,0.17333333333333334,0.86,0.9224806201550387,0.0,0.86,11.40158150270767,37.08693487950341,0.550299173531433,0.9132425268202582,0.38902244455776797,1.0,1.0,1.0,1.0,0.15971666937627144,0.09083812700041798,0.8863545172834256,0.6303359521773554,129,21,21,0,126,126,0.84,1.0,0.9500000000000002,0.07751937984496124,0.9534883720930233,0.06569343065693431,12.387783256669895,4.930972225487161
hitl_bottleneck_adaptive_hitl_noise0.1_thr0.3_low0.15_cool5_rel0.95_delay0_seed6059,bottleneck,adaptive_hitl,6059,0.1,0.3,0.15,5,0.95,0,"{""separation"": 0.45, ""congestion"": 0.25, ""speed"": 0.15, ""uncertainty"": 0.15}",5,0.8,1.0,0.15,0.04666666666666667,0.0,1.3533333333333333,0.8866666666666667,0.9473684210526315,0.0,0.8866666666666667,6.659215035030143,35.97797090459904,0.6660649715922773,0.9288748444664623,0.43122653930396304,1.0,1.0,1.0,1.0,0.7062721237948849,0.46394359065631186,0.626054001887344,0.6348081429327146,133,17,17,0,130,130,0.8666666666666667,1.0,0.9500000000000002,0.07518796992481203,0.9548872180451128,0.04964539007092199,7.2274484419732135,0.6892061575451491
hitl_bottleneck_adaptive_hitl_noise0.1_thr0.3_low0.15_cool5_rel0.95_delay0_seed7059,bottleneck,adaptive_hitl,7059,0.1,0.3,0.15,5,0.95,0,"{""separation"": 0.45, ""congestion"": 0.25, ""speed"": 0.15, ""uncertainty"": 0.15}",5,0.8,1.0,0.15,0.05333333333333334,0.0,0.02666666666666667,0.78,0.9316239316239316,0.0,0.78,12.564559794965481,27.02679084072759,0.5101388491069277,0.8109084192997963,0.24302627923782352,0.5089391403677987,1.0,1.0,1.0,0.02613158983870442,0.02243042832100467,0.9623033053949538,0.64,117,33,33,0,111,111,0.74,1.0,0.9500000000000002,0.09401709401709402,0.9316239316239316,0.06153846153846154,14.519620208970725,11.97277400710465
hitl_bottleneck_adaptive_hitl_noise0.1_thr0.3_low0.15_cool5_rel0.95_delay0_seed8059,bottleneck,adaptive_hitl,8059,0.1,0.3,0.15,5,0.95,0,"{""separation"": 0.45, ""congestion"": 0.25, ""speed"": 0.15, ""uncertainty"": 0.15}",5,0.8,1.0,0.15,0.12666666666666668,0.0,0.0,0.86,0.8527131782945736,0.0,0.86,16.60946091792277,31.211919090720112,0.6470477705200514,0.8888199402799932,0.24599999999991762,1.0,1.0,1.0,1.0,0.0532665339958647,0.02170327544676225,0.9681778128260006,0.64,129,21,21,0,124,124,0.8266666666666667,1.0,0.9500000000000002,0.08527131782945736,0.9534883720930233,0.1386861313868613,18.183839980561178,6.639563589849902
hitl_bottleneck_adaptive_hitl_noise0.1_thr0.3_low0.15_cool5_rel0.95_delay0_seed9059,bottleneck,adaptive_hitl,9059,0.1,0.3,0.15,5,0.95,0,"{""separation"": 0.45, ""congestion"": 0.25, ""speed"": 0.15, ""uncertainty"": 0.15}",5,0.8,1.0,0.15,0.08,0.006666666666666667,0.86,0.9133333333333333,0.9124087591240876,0.0,0.9133333333333333,13.323296265426208,37.29356858005162,0.5484411252352098,0.9667648707458746,0.6820259575996124,1.0,1.0,1.0,1.0,0.5448324342963341,0.3311038063199927,0.7500125297105141,0.64,137,13,13,0,136,136,0.9066666666666666,1.0,0.9500000000000002,0.051094890510948905,0.9635036496350365,0.07692307692307693,14.067435695830373,1.4191847761821195
hitl_bottleneck_adaptive_hitl_noise0.1_thr0.3_low0.15_cool5_rel0.95_delay0_seed10059,bottleneck,adaptive_hitl,10059,0.1,0.3,0.15,5,0.95,0,"{""separation"": 0.45, ""congestion"": 0.25, ""speed"": 0.15, ""uncertainty"": 0.15}",5,0.8,1.0,0.15,0.09333333333333334,0.0,0.0,0.7866666666666666,0.8813559322033898,0.0,0.7866666666666666,15.356063606884893,32.042028405964054,0.5533047012674311,0.8380403485301107,0.24599999999991468,0.6926067254490191,1.0,1.0,1.0,0.05709478766209447,0.02920209774758412,0.9823452054498792,0.64,118,32,32,0,112,112,0.7466666666666667,1.0,0.9500000000000002,0.09322033898305085,0.9322033898305084,0.10687022900763359,17.36157288487365,4.673173538768175
hitl_bottleneck_adaptive_hitl_noise0.1_thr0.3_low0.15_cool5_rel0.95_delay0_seed11059,bottleneck,adaptive_hitl,11059,0.1,0.3,0.15,5,0.95,0,"{""separation"": 0.45, ""congestion"": 0.25, ""speed"": 0.15, ""uncertainty"": 0.15}",5,0.8,1.0,0.15,0.04,0.0,0.04666666666666667,0.7666666666666667,0.9478260869565217,0.0,0.7666666666666667,15.760192335591666,35.24475791043915,0.4941178400379916,0.8129209549120443,0.2459999999999096,0.586902024961434,1.0,1.0,1.0,0.043682347835475685,0.035327910651426084,0.9842165091325641,0.6384988009061447,115,35,35,0,109,109,0.7266666666666667,1.0,0.9500000000000002,0.08695652173913043,0.9304347826086956,0.0390625,18.561129094821908,12.166421728086618
hitl_bottleneck_adaptive_hitl_noise0.1_thr0.3_low0.15_cool5_rel0.95_delay0_seed12059,bottleneck,adaptive_hitl,12059,0.1,0.3,0.15,5,0.95,0,"{""separation"": 0.45, ""congestion"": 0.25, ""speed"": 0.15, ""uncertainty"": 0.15}",5,0.8,1.0,0.15,0.04666666666666667,0.02,1.4133333333333333,0.9266666666666666,0.9496402877697842,0.0,0.9266666666666666,7.622596674997335,30.145458512238513,0.679958047500501,0.9618454233573323,0.5461569867991114,1.0,1.0,1.0,1.0,0.7273465811652134,0.6486282114686982,0.6217364051614175,0.6374310093181734,139,11,11,0,138,138,0.92,1.0,0.9500000000000002,0.05755395683453238,0.9712230215827338,0.04895104895104895,7.950731224437442,0.7024283306293665
hitl_bottleneck_adaptive_hitl_noise0.1_thr0.3_low0.15_cool5_rel0.95_delay0_seed13059,bottleneck,adaptive_hitl,13059,0.1,0.3,0.15,5,0.95,0,"{""separation"": 0.45, ""congestion"": 0.25, ""speed"": 0.15, ""uncertainty"": 0.15}",5,0.8,1.0,0.15,0.04,0.0,0.16,0.8266666666666667,0.9516129032258065,0.0,0.8266666666666667,7.441631797160306,25.55204922137049,0.5028735605689386,0.8711383649462827,0.2165442967813982,1.0,1.0,1.0,1.0,0.2180728828526324,0.12229814226708288,0.6689866688013116,0.6390636506498047,124,26,26,0,119,119,0.7933333333333333,1.0,0.9500000000000002,0.10483870967741936,0.9435483870967742,0.04477611940298507,8.352640275427698,5.079209328147239
hitl_bottleneck_adaptive_hitl_noise0.1_thr0.3_low0.15_cool5_rel0.95_delay0_seed14059,bottleneck,adaptive_hitl,14059,0.1,0.3,0.15,5,0.95,0,"{""separation"": 0.45, ""congestion"": 0.25, ""speed"": 0.15, ""uncertainty"": 0.15}",5,0.8,1.0,0.15,0.06666666666666667,0.0,0.04,0.8,0.9166666666666666,0.0,0.8,15.04110992884339,32.726613992224905,0.5480203319651386,0.8301866720060954,0.21599999999994005,1.0,1.0,1.0,1.0,0.025961797914708103,0.030591219479687924,0.969573256719651,0.64,120,30,30,0,114,114,0.76,1.0,0.9500000000000002,0.08333333333333333,0.9416666666666667,0.07633587786259542,16.95841575255613,8.150978704098549
hitl_bottleneck_adaptive_hitl_noise0.1_thr0.3_low0.15_cool5_rel0.95_delay0_seed15059,bottleneck,adaptive_hitl,15059,0.1,0.3,0.15,5,0.95,0,"{""separation"": 0.45, ""congestion"": 0.25, ""speed"": 0.15, ""uncertainty"": 0.15}",5,0.8,1.0,0.15,0.05333333333333334,0.0,0.41333333333333333,0.82,0.9349593495934959,0.0,0.82,14.896754298403172,28.322365782205004,0.5754299927502871,0.8719477163406949,0.26490045544050106,1.0,1.0,1.0,1.0,0.4254902447996967,0.2287893417009318,0.9386480261321196,0.6391543954025022,123,27,27,0,117,117,0.78,1.0,0.9500000000000002,0.0975609756097561,0.9349593495934959,0.05970149253731343,17.377184040125208,1.8545614965270814
hitl_bottleneck_adaptive_hitl_noise0.1_thr0.3_low0.15_cool5_rel0.95_delay0_seed16059,bottleneck,adaptive_hitl,16059,0.1,0.3,0.15,5,0.95,0,"{""separation"": 0.45, ""congestion"": 0.25, ""speed"": 0.15, ""uncertainty"": 0.15}",5,0.8,1.0,0.15,0.03333333333333333,0.0,0.09333333333333334,0.7933333333333333,0.957983193277311,0.0,0.7933333333333333,7.485746032875972,25.346587124534206,0.4862078186124563,0.825993059406002,0.21599999999987224,1.0,1.0,1.0,1.0,0.07342993108847241,0.0629798354068532,0.7976700190095695,0.632761148942908,119,31,31,0,114,114,0.76,1.0,0.9500000000000002,0.12605042016806722,0.9327731092436975,0.03816793893129771,8.493603840958748,8.02334168159487
hitl_bottleneck_adaptive_hitl_noise0.1_thr0.3_low0.15_cool5_rel0.95_delay0_seed17059,bottleneck,adaptive_hitl,17059,0.1,0.3,0.15,5,0.95,0,"{""separation"": 0.45, ""congestion"": 0.25, ""speed"": 0.15, ""uncertainty"": 0.15}",5,0.8,1.0,0.15,0.04,0.0,0.06,0.72,0.9444444444444444,0.0,0.72,6.456046980059731,16.316086551026107,0.4816296712184946,0.7762451453263177,0.21599999999988206,0.47106476058524493,1.0,1.0,1.0,0.06416226456591545,0.04573296151193967,0.8866852953584392,0.6334924921537425,108,42,42,0,100,100,0.6666666666666666,1.0,0.9500000000000002,0.1111111111111111,0.9074074074074074,0.048,7.961561051811276,7.994220205335902
hitl_bottleneck_adaptive_hitl_noise0.1_thr0.3_low0.15_cool5_rel0.95_delay0_seed18059,bottleneck,adaptive_hitl,18059,0.1,0.3,0.15,5,0.95,0,"{""separation"": 0.45, ""congestion"": 0.25, ""speed"": 0.15, ""uncertainty"": 0.15}",5,0.8,1.0,0.15,0.10666666666666667,0.0,0.12666666666666668,0.8,0.8666666666666667,0.0,0.8,8.50167197630173,26.12676015903619,0.6223294356216987,0.8323401419447305,0.24269728054098869,1.0,1.0,1.0,1.0,0.053767388296564016,0.061314585241505015,0.9349266141283954,0.6353315687213058,120,30,30,0,115,115,0.7666666666666667,1.0,0.9500000000000002,0.075,0.9416666666666667,0.12213740458015267,9.62062842433562,12.539199953833343
hitl_bottleneck_adaptive_hitl_noise0.1_thr0.3_low0.15_cool5_rel0.95_delay0_seed19059,bottleneck,adaptive_hitl,19059,0.1,0.3,0.15,5,0.95,0,"{""separation"": 0.45, ""congestion"": 0.25, ""speed"": 0.15, ""uncertainty"": 0.15}",5,0.8,1.0,0.15,0.05333333333333334,0.0,0.09333333333333334,0.7533333333333333,0.9292035398230089,0.0,0.7533333333333333,9.585004130578906,42.582976861729065,0.48722999325642985,0.8538662701650169,0.3298146857003946,0.6238535195873676,1.0,1.0,1.0,0.263203459834989,0.08594439976056237,0.9259334524926666,0.6397480568536729,113,37,37,0,110,110,0.7333333333333333,1.0,0.9500000000000002,0.13274336283185842,0.8672566371681416,0.06015037593984962,11.331440827079685,2.374962446604615
hitl_bottleneck_adaptive_hitl_noise0.1_thr0.3_low0.15_cool5_rel0.95_delay0_seed20059,bottleneck,adaptive_hitl,20059,0.1,0.3,0.15,5,0.95,0,"{""separation"": 0.45, ""congestion"": 0.25, ""speed"": 0.15, ""uncertainty"": 0.15}",5,0.8,1.0,0.15,0.04666666666666667,0.0,0.03333333333333333,0.7866666666666666,0.940677966101695,0.0,0.7866666666666666,9.070078295834502,23.170525501250104,0.49143357124800485,0.8217742090377187,0.23198626035900483,0.5959941250198033,1.0,1.0,1.0,0.06865943916173024,0.05215000448216785,0.8230385908970389,0.6389644975348836,118,32,32,0,112,110,0.7333333333333333,1.0,0.9500000000000002,0.11864406779661017,0.9152542372881356,0.05223880597014925,10.457798468383176,3.8846223179452584
hitl_bottleneck_adaptive_hitl_noise0.1_thr0.3_low0.15_cool5_rel0.95_delay0_seed21059,bottleneck,adaptive_hitl,21059,0.1,0.3,0.15,5,0.95,0,"{""separation"": 0.45, ""congestion"": 0.25, ""speed"": 0.15, ""uncertainty"": 0.15}",5,0.8,1.0,0.15,0.12,0.006666666666666667,0.04,0.8,0.85,0.0,0.8,10.248506060258427,22.949361509056963,0.5884728068485856,0.8535990527561379,0.2459999999998878,1.0,1.0,1.0,1.0,0.07777989302084888,0.04573793271901295,0.8993262582297235,0.64,120,30,30,0,115,115,0.7666666666666667,1.0,0.9500000000000002,0.1,0.9333333333333333,0.12878787878787878,11.131619480116763,4.913563857588776
hitl_bottleneck_adaptive_hitl_noise0.1_thr0.3_low0.15_cool5_rel0.95_delay0_seed22059,bottleneck,adaptive_hitl,22059,0.1,0.3,0.15,5,0.95,0,"{""separation"": 0.45, ""congestion"": 0.25, ""speed"": 0.15, ""uncertainty"": 0.15}",5,0.8,1.0,0.15,0.07333333333333333,0.0,0.02,0.7933333333333333,0.907563025210084,0.0,0.7933333333333333,22.61876924693173,64.02803378898733,0.5323202551032106,0.8251885211123253,0.24599999999993272,1.0,1.0,1.0,1.0,0.09162130693600226,0.05828993339082292,0.9979192068990114,0.6385798749626165,119,31,31,0,113,113,0.7533333333333333,1.0,0.9500000000000002,0.09243697478991597,0.9327731092436975,0.08396946564885496,25.976326609538106,3.74931799183844
hitl_bottleneck_adaptive_hitl_noise0.1_thr0.3_low0.15_cool5_rel0.95_delay0_seed23059,bottleneck,adaptive_hitl,23059,0.1,0.3,0.15,5,0.95,0,"{""separation"": 0.45, ""congestion"": 0.25, ""speed"": 0.15, ""uncertainty"": 0.15}",5,0.8,1.0,0.15,0.06,0.0,0.1,0.84,0.9285714285714286,0.0,0.84,9.875869053893958,18.985733315542543,0.5111186462454498,0.8905642731266592,0.3270426685696117,1.0,1.0,1.0,1.0,0.1386450054016972,0.06877672253859372,0.7976891609850322,0.64,126,24,24,0,124,122,0.8133333333333334,1.0,0.9500000000000002,0.0873015873015873,0.9285714285714286,0.06428571428571428,10.769451200914547,5.923879002115874
hitl_bottleneck_adaptive_hitl_noise0.1_thr0.3_low0.15_cool5_rel0.95_delay0_seed24059,bottleneck,adaptive_hitl,24059,0.1,0.3,0.15,5,0.95,0,"{""separation"": 0.45, ""congestion"": 0.25, ""speed"": 0.15, ""uncertainty"": 0.15}",5,0.8,1.0,0.15,0.08666666666666667,0.006666666666666667,0.5133333333333333,0.78,0.8888888888888888,0.0,0.78,16.181054394976606,48.76919094484811,0.6630205300947031,0.84908488015569,0.3276765054255827,0.5402762224172769,1.0,1.0,1.0,0.5580225217319162,0.305701976841795,0.9660571133242357,0.6342481109983557,117,33,33,0,111,111,0.74,1.0,0.9500000000000002,0.09401709401709402,0.9316239316239316,0.09230769230769231,19.423851960660915,1.360875623628709
hitl_bottleneck_adaptive_hitl_noise0.1_thr0.3_low0.15_cool5_rel0.95_delay0_seed25059,bottleneck,adaptive_hitl,25059,0.1,0.3,0.15,5,0.95,0,"{""separation"": 0.45, ""congestion"": 0.25, ""speed"": 0.15, ""uncertainty"": 0.15}",5,0.8,1.0,0.15,0.08666666666666667,0.0,0.05333333333333334,0.78,0.8888888888888888,0.0,0.78,13.413672350137876,30.907166380624716,0.5806508365397652,0.8434412224362575,0.28677587972454405,0.5958613468072254,1.0,1.0,1.0,0.09124513257137301,0.07891576479405495,0.968971072904706,0.6212555325310132,117,33,33,0,111,111,0.74,1.0,0.9500000000000002,0.08547008547008547,0.9316239316239316,0.1,15.525115176915067,2.7920085817054123
hitl_bottleneck_adaptive_hitl_noise0.1_thr0.3_low0.15_cool5_rel0.95_delay0_seed26059,bottleneck,adaptive_hitl,26059,0.1,0.3,0.15,5,0.95,0,"{""separation"": 0.45, ""congestion"": 0.25, ""speed"": 0.15, ""uncertainty"": 0.15}",5,0.8,1.0,0.15,0.11333333333333333,0.0,0.26,0.8266666666666667,0.8629032258064516,0.0,0.8266666666666667,8.113420019657987,21.5916159364329,0.6158025523958107,0.8916158704919891,0.3859982420754566,1.0,1.0,1.0,1.0,0.38269689784156957,0.22008933117245902,0.848336132580426,0.6293665706822452,124,26,26,0,119,119,0.7933333333333333,1.0,0.9500000000000002,0.08870967741935484,0.9435483870967742,0.12686567164179105,9.196717936173084,1.9460912130569357
hitl_bottleneck_adaptive_hitl_noise0.1_thr0.3_low0.15_cool5_rel0.95_delay0_seed27059,bottleneck,adaptive_hitl,27059,0.1,0.3,0.15,5,0.95,0,"{""separation"": 0.45, ""congestion"": 0.25, ""speed"": 0.15, ""uncertainty"": 0.15}",5,0.8,1.0,0.15,0.09333333333333334,0.0,0.18,0.7866666666666666,0.8813559322033898,0.0,0.7866666666666666,15.348332199521996,37.19605675613401,0.588203602625678,0.8891797208749053,0.4874788141410903,0.677032678591277,1.0,1.0,1.0,0.20241081081945153,0.12451532788620365,0.9974540238786361,0.64,118,32,32,0,111,111,0.74,1.0,0.9500000000000002,0.09322033898305085,0.9322033898305084,0.10687022900763359,17.536786582083444,5.293819609532651
hitl_bottleneck_adaptive_hitl_noise0.1_thr0.3_low0.15_cool5_rel0.95_delay0_seed28059,bottleneck,adaptive_hitl,28059,0.1,0.3,0.15,5,0.95,0,"{""separation"": 0.45, ""congestion"": 0.25, ""speed"": 0.15, ""uncertainty"": 0.15}",5,0.8,1.0,0.15,0.07333333333333333,0.0,0.03333333333333333,0.7666666666666667,0.9043478260869565,0.0,0.7666666666666667,14.619047036365638,39.1333484778158,0.5298967100679874,0.7980899071457453,0.23621095752370969,0.4548086116282252,1.0,1.0,1.0,0.020631304056139346,0.026217962684927546,0.9620761274583765,0.6337327368696979,115,35,35,0,108,108,0.72,1.0,0.9500000000000002,0.09565217391304348,0.9304347826086956,0.0859375,17.17193934208553,9.82293199426961
hitl_bottleneck_adaptive_hitl_noise0.1_thr0.3_low0.15_cool5_rel0.95_delay0_seed29059,bottleneck,adaptive_hitl,29059,0.1,0.3,0.15,5,0.95,0,"{""separation"": 0.45, ""congestion"": 0.25, ""speed"": 0.15, ""uncertainty"": 0.15}",5,0.8,1.0,0.15,0.12,0.0,0.46,0.8666666666666667,0.8615384615384616,0.0,0.8666666666666667,7.636350932626311,22.15501896245047,0.6891169383501013,0.9214087201336596,0.4478530188446118,1.0,1.0,1.0,1.0,0.3842037169070367,0.23446236932031955,0.8378623864566201,0.6290518403920841,130,20,20,0,128,128,0.8533333333333334,1.0,0.9500000000000002,0.09230769230769231,0.9230769230769231,0.1267605633802817,8.432584757333053,2.972179437076647
hitl_bottleneck_adaptive_hitl_noise0.1_thr0.3_low0.15_cool5_rel0.95_delay0_seed30059,bottleneck,adaptive_hitl,30059,0.1,0.3,0.15,5,0.95,0,"{""separation"": 0.45, ""congestion"": 0.25, ""speed"": 0.15, ""uncertainty"": 0.15}",5,0.8,1.0,0.15,0.06,0.006666666666666667,0.26666666666666666,0.7933333333333333,0.9243697478991597,0.0,0.7933333333333333,10.81558828912411,38.980682377725856,0.5547916439051429,0.8574888407423146,0.33968965942827817,1.0,1.0,1.0,1.0,0.18385411154781636,0.13446470194846866,0.5517741858634212,0.6201994561760457,119,31,31,0,113,113,0.7533333333333333,1.0,0.9500000000000002,0.08403361344537816,0.9327731092436975,0.061068702290076333,12.314243372315554,4.147728168954993
hitl_bottleneck_adaptive_hitl_noise0.1_thr0.3_low0.15_cool5_rel0.95_delay0_seed31059,bottleneck,adaptive_hitl,31059,0.1,0.3,0.15,5,0.95,0,"{""separation"": 0.45, ""congestion"": 0.25, ""speed"": 0.15, ""uncertainty"": 0.15}",5,0.8,1.0,0.15,0.09333333333333334,0.0,0.38,0.88,0.8939393939393939,0.0,0.88,9.66178075410709,20.060719811606816,0.6085764213154713,0.9081589120677266,0.24599999999991637,1.0,1.0,1.0,1.0,0.36767811562626007,0.2218244344931398,0.9318709319431329,0.6322011459873624,132,18,18,0,129,129,0.86,1.0,0.9500000000000002,0.06060606060606061,0.9545454545454546,0.1,10.123586020359378,1.9906101669180385
hitl_bottleneck_adaptive_hitl_noise0.1_thr0.3_low0.15_cool5_rel0.95_delay0_seed32059,bottleneck,adaptive_hitl,32059,0.1,0.3,0.15,5,0.95,0,"{""separation"": 0.45, ""congestion"": 0.25, ""speed"": 0.15, ""uncertainty"": 0.15}",5,0.8,1.0,0.15,0.02666666666666667,0.0,0.7133333333333334,0.78,0.9658119658119658,0.0,0.78,11.996128386132158,27.948257924339345,0.6405041964414219,0.8172917104351757,0.24599999999987462,0.589990103302338,1.0,1.0,1.0,0.5558295703012232,0.32749978255664736,0.8850557770424533,0.6321701213154951,117,33,33,0,111,111,0.74,1.0,0.9500000000000002,0.08547008547008547,0.9316239316239316,0.03076923076923077,13.74351953764471,0.9541995883276718
hitl_bottleneck_adaptive_hitl_noise0.1_thr0.3_low0.15_cool5_rel0.95_delay0_seed33059,bottleneck,adaptive_hitl,33059,0.1,0.3,0.15,5,0.95,0,"{""separation"": 0.45, ""congestion"": 0.25, ""speed"": 0.15, ""uncertainty"": 0.15}",5,0.8,1.0,0.15,0.02666666666666667,0.006666666666666667,0.08,0.86,0.9689922480620154,0.0,0.86,8.901900548488042,27.357426639248306,0.4730161007804175,0.8898639213632695,0.22402148904708843,1.0,1.0,1.0,1.0,0.11975503690491043,0.053380087883243874,0.7636127912421682,0.6372968967987811,129,21,21,0,126,125,0.8333333333333334,1.0,0.9500000000000002,0.09302325581395349,0.9534883720930233,0.028985507246376812,9.725197975951243,4.458681561094656
hitl_bottleneck_adaptive_hitl_noise0.1_thr0.3_low0.15_cool5_rel0.95_delay0_seed34059,bottleneck,adaptive_hitl,34059,0.1,0.3,0.15,5,0.95,0,"{""separation"": 0.45, ""congestion"": 0.25, ""speed"": 0.15, ""uncertainty"": 0.15}",5,0.8,1.0,0.15,0.0,0.0,0.02666666666666667,0.7933333333333333,1.0,0.0,0.7933333333333333,12.691955243690678,34.398036270615776,0.45964167919009924,0.833571902577683,0.24599999999981143,0.7449410637817881,1.0,1.0,1.0,0.04817425226529435,0.034052886365943516,0.9816414261083571,0.6399164786837332,119,31,31,0,112,112,0.7466666666666667,1.0,0.9500000000000002,0.10084033613445378,0.9327731092436975,0.0,14.663367550396021,4.402604654506788
hitl_bottleneck_adaptive_hitl_noise0.1_thr0.3_low0.15_cool5_rel0.95_delay0_seed35059,bottleneck,adaptive_hitl,35059,0.1,0.3,0.15,5,0.95,0,"{""separation"": 0.45, ""congestion"": 0.25, ""speed"": 0.15, ""uncertainty"": 0.15}",5,0.8,1.0,0.15,0.08666666666666667,0.02,0.6066666666666667,0.78,0.8888888888888888,0.0,0.78,11.409496957469436,19.1839665864291,0.7136763469316065,0.818069566814057,0.24599999999987202,0.6607168132712649,1.0,1.0,1.0,0.528162509185329,0.30308153246823155,0.9703992901129197,0.6360226347329069,117,33,33,0,111,111,0.74,1.0,0.9500000000000002,0.08547008547008547,0.9316239316239316,0.09230769230769231,13.254434282455138,1.0105817046321106
hitl_bottleneck_adaptive_hitl_noise0.1_thr0.3_low0.15_cool5_rel0.95_delay0_seed36059,bottleneck,adaptive_hitl,36059,0.1,0.3,0.15,5,0.95,0,"{""separation"": 0.45, ""congestion"": 0.25, ""speed"": 0.15, ""uncertainty"": 0.15}",5,0.8,1.0,0.15,0.06,0.0,0.23333333333333334,0.8666666666666667,0.9307692307692308,0.0,0.8666666666666667,9.819052112500996,25.2846193074071,0.546847804604719,0.8885508477149939,0.2234698762524248,1.0,1.0,1.0,1.0,0.2603946616002014,0.13479007989841466,0.9456878083226612,0.6390748144865775,130,20,20,0,125,125,0.8333333333333334,1.0,0.9500000000000002,0.1076923076923077,0.9615384615384616,0.06569343065693431,10.454016654652365,3.182347410969957
hitl_bottleneck_adaptive_hitl_noise0.1_thr0.3_low0.15_cool5_rel0.95_delay0_seed37059,bottleneck,adaptive_hitl,37059,0.1,0.3,0.15,5,0.95,0,"{""separation"": 0.45, ""congestion"": 0.25, ""speed"": 0.15, ""uncertainty"": 0.15}",5,0.8,1.0,0.15,0.06,0.0,0.6666666666666666,0.9,0.9333333333333333,0.0,0.9,6.6431161558330905,20.869198187210003,0.6444311118684709,0.9449195407636058,0.5430646994272247,1.0,1.0,1.0,1.0,0.5668757465857052,0.3102384033304379,0.7974220245596886,0.6343976633185245,135,15,15,0,132,132,0.88,1.0,0.9500000000000002,0.0962962962962963,0.9629629629629629,0.06382978723404255,7.002551619740808,1.1176824640172223
hitl_bottleneck_adaptive_hitl_noise0.1_thr0.3_low0.15_cool5_rel0.95_delay0_seed38059,bottleneck,adaptive_hitl,38059,0.1,0.3,0.15,5,0.95,0,"{""separation"": 0.45, ""congestion"": 0.25, ""speed"": 0.15, ""uncertainty"": 0.15}",5,0.8,1.0,0.15,0.12,0.0,0.68,0.8266666666666667,0.8548387096774194,0.0,0.8266666666666667,3.0048947198834113,12.262819138398195,0.6241052450301746,0.870438895690751,0.24599999999979313,1.0,1.0,1.0,1.0,0.3296634891429689,0.23966620323970791,0.7696921985381596,0.5727830826883121,124,26,26,0,120,120,0.8,1.0,0.9500000000000002,0.12096774193548387,0.9274193548387096,0.1323529411764706,3.2370665724415333,4.126001430649044
hitl_bottleneck_adaptive_hitl_noise0.1_thr0.3_low0.15_cool5_rel0.95_delay0_seed39059,bottleneck,adaptive_hitl,39059,0.1,0.3,0.15,5,0.95,0,"{""separation"": 0.45, ""congestion"": 0.25, ""speed"": 0.15, ""uncertainty"": 0.15}",5,0.8,1.0,0.15,0.08666666666666667,0.0,0.006666666666666667,0.8,0.8916666666666667,0.0,0.8,10.293736444234803,27.90325424777707,0.5568675184622407,0.8493376616525439,0.2459999999998843,1.0,1.0,1.0,1.0,0.05408489063950879,0.0346236740094564,0.9083836515547952,0.64,120,30,30,0,114,114,0.76,1.0,0.9500000000000002,0.09166666666666666,0.9416666666666667,0.09923664122137404,11.3385448155699,6.063671363454091
hitl_bottleneck_adaptive_hitl_noise0.1_thr0.3_low0.15_cool5_rel0.95_delay0_seed40059,bottleneck,adaptive_hitl,40059,0.1,0.3,0.15,5,0.95,0,"{""separation"": 0.45, ""congestion"": 0.25, ""speed"": 0.15, ""uncertainty"": 0.15}",5,0.8,1.0,0.15,0.07333333333333333,0.0,0.03333333333333333,0.8133333333333334,0.9098360655737705,0.0,0.8133333333333334,14.434985294794858,37.200027895280016,0.5393247143365443,0.8379901553213379,0.21599999999992373,1.0,1.0,1.0,1.0,0.11033241378142492,0.07353118509875649,0.9176601729494964,0.639763100417803,122,28,28,0,117,117,0.78,1.0,0.9500000000000002,0.07377049180327869,0.9426229508196722,0.08270676691729323,16.04316874197883,4.399251787339094
hitl_bottleneck_adaptive_hitl_noise0.1_thr0.3_low0.15_cool5_rel0.95_delay0_seed41059,bottleneck,adaptive_hitl,41059,0.1,0.3,0.15,5,0.95,0,"{""separation"": 0.45, ""congestion"": 0.25, ""speed"": 0.15, ""uncertainty"": 0.15}",5,0.8,1.0,0.15,0.06666666666666667,0.006666666666666667,1.1466666666666667,0.8133333333333334,0.9180327868852459,0.0,0.8133333333333334,2.2979242450313557,6.331034291493356,0.7088791152151922,0.9199167970252362,0.5484406778990565,1.0,1.0,1.0,1.0,0.7178719247686915,0.46653551136463883,0.603895801803367,0.6190906207197382,122,28,28,0,122,122,0.8133333333333334,1.0,0.9500000000000002,0.03278688524590164,0.9016393442622951,0.07194244604316546,2.3269523557359415,0.6593178509223393
hitl_bottleneck_adaptive_hitl_noise0.1_thr0.3_low0.15_cool5_rel0.95_delay0_seed42059,bottleneck,adaptive_hitl,42059,0.1,0.3,0.15,5,0.95,0,"{""separation"": 0.45, ""congestion"": 0.25, ""speed"": 0.15, ""uncertainty"": 0.15}",5,0.8,1.0,0.15,0.04666666666666667,0.0,0.19333333333333333,0.7866666666666666,0.940677966101695,0.0,0.7866666666666666,13.586985352727565,30.132948730316212,0.5601481076640388,0.8710448724702256,0.4520890899554897,0.7417880135364945,1.0,1.0,1.0,0.2420444383379109,0.1484115511045431,0.9697560708362671,0.6358197814168217,118,32,32,0,112,112,0.7466666666666667,1.0,0.9500000000000002,0.09322033898305085,0.923728813559322,0.05343511450381679,15.641637716056,2.838018388568738
hitl_bottleneck_adaptive_hitl_noise0.1_thr0.3_low0.15_cool5_rel0.95_delay0_seed43059,bottleneck,adaptive_hitl,43059,0.1,0.3,0.15,5,0.95,0,"{""separation"": 0.45, ""congestion"": 0.25, ""speed"": 0.15, ""uncertainty"": 0.15}",5,0.8,1.0,0.15,0.07333333333333333,0.0,0.04,0.8266666666666667,0.9112903225806451,0.0,0.8266666666666667,12.002086634315583,25.15978383590296,0.5481205934969088,0.9024307555155334,0.498597408130423,1.0,1.0,1.0,1.0,0.127681562019629,0.07965550472474879,0.9865252330359643,0.64,124,26,26,0,119,119,0.7933333333333333,1.0,0.9500000000000002,0.07258064516129033,0.9435483870967742,0.08208955223880597,13.574151669559573,5.407020861969933
hitl_bottleneck_adaptive_hitl_noise0.1_thr0.3_low0.15_cool5_rel0.95_delay0_seed44059,bottleneck,adaptive_hitl,44059,0.1,0.3,0.15,5,0.95,0,"{""separation"": 0.45, ""congestion"": 0.25, ""speed"": 0.15, ""uncertainty"": 0.15}",5,0.8,1.0,0.15,0.06666666666666667,0.0,0.013333333333333334,0.7933333333333333,0.9159663865546218,0.0,0.7933333333333333,9.726980340854402,20.627448522864558,0.5245041536788145,0.8162600094029381,0.21599999999990252,0.733736420046256,1.0,1.0,1.0,0.025428178802752804,0.01692820122926814,0.8565947240595858,0.64,119,31,31,0,112,112,0.7466666666666667,1.0,0.9500000000000002,0.09243697478991597,0.9327731092436975,0.07633587786259542,11.29009021698089,12.742183892653838
hitl_bottleneck_adaptive_hitl_noise0.1_thr0.3_low0.15_cool5_rel0.95_delay0_seed45059,bottleneck,adaptive_hitl,45059,0.1,0.3,0.15,5,0.95,0,"{""separation"": 0.45, ""congestion"": 0.25, ""speed"": 0.15, ""uncertainty"": 0.15}",5,0.8,1.0,0.15,0.08,0.0,0.36,0.8133333333333334,0.9016393442622951,0.0,0.8133333333333334,12.396518889734677,28.899188353774914,0.6155124733534952,0.8385874795041411,0.24599999999988328,1.0,1.0,1.0,1.0,0.2074914631312566,0.1803920371040678,0.9767563944007325,0.6379323874773102,122,28,28,0,117,117,0.78,1.0,0.9500000000000002,0.08196721311475409,0.9426229508196722,0.09022556390977443,13.718675147066884,5.005191276577316
hitl_bottleneck_adaptive_hitl_noise0.1_thr0.3_low0.15_cool5_rel0.95_delay0_seed46059,bottleneck,adaptive_hitl,46059,0.1,0.3,0.15,5,0.95,0,"{""separation"": 0.45, ""congestion"": 0.25, ""speed"": 0.15, ""uncertainty"": 0.15}",5,0.8,1.0,0.15,0.14,0.013333333333333334,0.9866666666666667,0.9866666666666667,0.8581081081081081,0.0,0.9866666666666667,12.541208133555461,32.3188936703771,0.680404492498686,0.9951672827668813,1.0,1.0,1.0,1.0,1.0,0.7284371850613819,0.42758557915835543,0.6545942838267377,0.6361609394584515,148,2,2,0,148,148,0.9866666666666667,1.0,0.9500000000000002,0.0,0.9797297297297297,0.14093959731543623,12.641375328862525,0.4797539891878473
hitl_bottleneck_adaptive_hitl_noise0.1_thr0.3_low0.15_cool5_rel0.95_delay0_seed47059,bottleneck,adaptive_hitl,47059,0.1,0.3,0.15,5,0.95,0,"{""separation"": 0.45, ""congestion"": 0.25, ""speed"": 0.15, ""uncertainty"": 0.15}",5,0.8,1.0,0.15,0.06666666666666667,0.0,0.0,0.8133333333333334,0.9180327868852459,0.0,0.8133333333333334,17.213042834303028,34.24757481537767,0.5343666928820312,0.8266921354632611,0.21599999999992975,1.0,1.0,1.0,1.0,0.002040735352967099,0.0053131295825961326,0.9460014329346581,0.6396812588364196,122,28,28,0,116,116,0.7733333333333333,1.0,0.9500000000000002,0.08196721311475409,0.9426229508196722,0.07518796992481203,19.425602821688564,8.473349214216968
hitl_bottleneck_adaptive_hitl_noise0.1_thr0.3_low0.15_cool5_rel0.95_delay0_seed48059,bottleneck,adaptive_hitl,48059,0.1,0.3,0.15,5,0.95,0,"{""separation"": 0.45, ""congestion"": 0.25, ""speed"": 0.15, ""uncertainty"": 0.15}",5,0.8,1.0,0.15,0.04666666666666667,0.0,0.02666666666666667,0.8,0.9416666666666667,0.0,0.8,11.748170216443313,30.649905247179873,0.49743699841201305,0.8400598579772317,0.21599999999992345,1.0,1.0,1.0,1.0,0.046229809190205286,0.034445928587720255,0.8366506124187448,0.64,120,30,30,0,115,115,0.7666666666666667,1.0,0.9500000000000002,0.08333333333333333,0.9416666666666667,0.05343511450381679,13.417052644489559,6.022376183374715
hitl_bottleneck_adaptive_hitl_noise0.1_thr0.3_low0.15_cool5_rel0.95_delay0_seed49059,bottleneck,adaptive_hitl,49059,0.1,0.3,0.15,5,0.95,0,"{""separation"": 0.45, ""congestion"": 0.25, ""speed"": 0.15, ""uncertainty"": 0.15}",5,0.8,1.0,0.15,0.013333333333333334,0.0,0.02,0.7866666666666666,0.9830508474576272,0.0,0.7866666666666666,8.793164663645198,26.900397291745204,0.46133774720753234,0.8285947315403466,0.2459999999997681,0.7166881437662569,1.0,1.0,1.0,0.06601357152036523,0.028959561401642624,0.9210028921552176,0.6379463370092036,118,32,32,0,114,112,0.7466666666666667,1.0,0.9500000000000002,0.11864406779661017,0.9067796610169492,0.015037593984962405,10.24012482006639,4.230239207588218
